<keymap version="1" name="Sublime Text copy" parent="Sublime Text">
  <action id="$Cut">
    <keyboard-shortcut first-keystroke="ctrl x" />
  </action>
  <action id="Android.BuildApk">
    <keyboard-shortcut first-keystroke="alt b" />
  </action>
  <action id="CheckinProject">
    <keyboard-shortcut first-keystroke="alt c" />
  </action>
  <action id="CollapseRegionRecursively">
    <keyboard-shortcut first-keystroke="ctrl alt subtract" />
    <keyboard-shortcut first-keystroke="ctrl alt minus" />
    <keyboard-shortcut first-keystroke="alt x" />
  </action>
  <action id="EditorBackSpace">
    <keyboard-shortcut first-keystroke="back_space" />
  </action>
  <action id="EditorCut">
    <keyboard-shortcut first-keystroke="ctrl x" />
  </action>
  <action id="EditorDeleteLine">
    <keyboard-shortcut first-keystroke="shift ctrl k" />
    <keyboard-shortcut first-keystroke="shift delete" />
  </action>
  <action id="EditorDeleteToWordStartInDifferentHumpsMode">
    <keyboard-shortcut first-keystroke="shift back_space" />
  </action>
  <action id="ExpandRegionRecursively">
    <keyboard-shortcut first-keystroke="ctrl alt add" />
    <keyboard-shortcut first-keystroke="ctrl alt equals" />
    <keyboard-shortcut first-keystroke="alt z" />
  </action>
  <action id="Kotlin.NewFile">
    <keyboard-shortcut first-keystroke="shift ctrl n" />
  </action>
  <action id="ParameterInfo">
    <keyboard-shortcut first-keystroke="shift space" />
  </action>
  <action id="ReformatCode">
    <keyboard-shortcut first-keystroke="ctrl alt l" />
    <keyboard-shortcut first-keystroke="ctrl s" />
  </action>
  <action id="Resume">
    <keyboard-shortcut first-keystroke="alt n" />
    <keyboard-shortcut first-keystroke="alt r" />
  </action>
  <action id="SaveAll" />
  <action id="UpdateRunningApplication" />
  <action id="UsageView.Remove">
    <keyboard-shortcut first-keystroke="ctrl x" />
  </action>
  <action id="android.deploy.ApplyChanges">
    <keyboard-shortcut first-keystroke="ctrl f10" />
  </action>
  <action id="android.deploy.CodeSwap">
    <keyboard-shortcut first-keystroke="ctrl alt f10" />
  </action>
  <action id="osmedile.intellij.stringmanip.RepeatAction">
    <keyboard-shortcut first-keystroke="alt a" />
  </action>
</keymap>